"Возможно ли протестировать Вашу систему CRM, есть ли демо-версия?",Для получения тестового доступа к системе CRM на 15 дней необходимо заполнить форму на странице: http://salesplatform.ru/order-form.html
"В CRM присутствует ли опция ""отписаться от рассылки""?","В SalesPlatform Vtiger CRM нет опции ""отписаться от рассылки"", но возможна соответствующая доработка."
"Какова стоимость услуги использования CRM на Вашем сервере, в облачном режиме? ","Стоимость услуги использования Vtiger CRM в режиме SaaS 500 р. / мес. на одного пользователя, при оплате за год - 5000 р. (416 р. / мес.)."
Возможно ли в системе CRM одному пользователю использовать нескольких почтовых ящиков одновременно?,В CRM-системе пользователь одновременно не может использовать нескольких почтовых ящиков.
Возможна ли интеграция CRM-системы с внешними почтовыми клиентами или другими платформами?,"Интеграция CRM-системы с другими платформами и сервисами возможная, SalesPlatform Vtiger CRM имеет открытый API."
"Какова стоимость и сроки услуг интеграции Vtiger CRM с внешними системами, платформами?","Стоимость и сроки услуг интеграции Vtiger CRM с внешними системами, платформами рассчитываются аналитиком после заключения договора. Данные услуги предоставляются на почасовой основе, стоимость сервисного часа - от 1 490 р."
Как протестировать работу модуля Воронка продаж?,"Для того, чтобы протестировать работу модуля ""Воронки"" необходимо перейти по ссылке: http://vm1.salesplatform.ru/extensions/AdvancedFunnel/  введите логин и пароль: demo/demo"
Как протестировать работу модуля Показатели KPI?,"Для того, чтобы протестировать работу модуля ""Показатели"" KPI необходимо перейти по ссылке: http://vm1.salesplatform.ru/extensions/AdvancedKPI/ Введите логин и пароль: demo/demo"
"Может ли администратор иметь доступ ко всем почтовым ящикам сотрудников, подключенных к Vtiger CRM?","Администратор не имеет доступа к почтовым ящикам сотрудников, подключенных к SalesPlatform Vtiger CRM."
Можно ли будет воспользоваться демо-версией Vtiger CRM после истечения ее срока использования? ,При необходимости доступ к демо-версии SalesPlatform Vtiger CRM может быть продлен.
Где можно скачать последнюю версию Vtiger CRM?,Последнюю версию SalesPlatform Vtiger CRM Вы можете загрузить по ссылке: http://community.salesplatform.ru/download/ 
Как часто выходят обновления Vtiger CRM?,Пакеты обновлений для SalesPlatform Vtiger CRM выходят примено раз в две-три недели.
Какой необходимо использовать Астериск Asterisk коннектор для Vtiger CRM?,Для интеграции SalesPlatform Vtiger CRM с телефонией на базе Asterisk необходимо использовать коннектор от SalesPlatform последней версии.
CRM для агентства недвижимости это Ваша разработка?  ,"Мы предлагаем решение для агентств недвижимости на базе SalesPlatform Vtiger CRM. Стоимость внедрения зависит от количества требований, минимально возможный вариант - тариф ""30"" http://salesplatform.ru/tarifs/66-tarifssupport.html"
Какова стоимость Vtiger CRM для агенства недвижимости?,"Стоимость SalesPlatform Vtiger CRM для агенства недвижимости зависит от количества требований, минимально возможный вариант - тариф ""30"" http://salesplatform.ru/tarifs/66-tarifssupport.html"
Какие параметры нагрузки на сервер?,"Параметры нагрузки на сервер зависят от количества пользователей. До 20 пользователей нужен стандартный (возможно, виртуальный) сервер минимум с 2 Гб оперативной памяти (рекомендуется 4Гб), жесткий диск - от 20 Гб. Процессор минимум 2 ядра x 2ГГц (рекомендуется 4 ядра x 3ГГц). На сервере должна быть предварительно установлена ОС Linux (рекомендуем Debian)."
Как можно протестировать телефонию в Vtiger CRM?,Для тестирования телефонии в SalesPlatform Vtiger CRM необходимо заполнить форму на странице: http://salesplatform.ru/solutions/62-servicescrmasterisk.html и Вы получите доступ к демо-версии Vtiger CRM + IP телефония на 15 дней.
Возможно ли подключить платежную систему PayPal Робокасса к Vtiger CRM?,"К платежным системам подключают Клиентский портал (личный кабинет для клиентов), который интегрируется с SalesPlatform Vtiger CRM. Мы реализуем такие интеграции."
"Возможно ли всю первичную документацию привести к нормальному виду, корректировать?","Для корректировки первичной документации необходимо воспользоваться модулем ""Шаблоны PDF""."
С кем можно обcудить вопрос о доработке Vtiger CRM?,"Вопрос о доработке SalesPlatform Vtiger CRM можно обсудить, связавшись с нами по телефонам: (495) 204-36-51, (812) 244-71-51 или E-mail: sales@salesplatform.ru"
Сколько стоит час работы Вашего специалиста?,Час работы специалиста стоит от 1 490 руб. Более подробная информация по ссылке: http://salesplatform.ru/tarifs/66-tarifssupport.html
Как настроить cron?,Для настройки cron необходимо воспользоваться инструкцией: http://community.salesplatform.ru/documentation/ 
Инструкция по настройке cron подходит для Windows?,Инструкция по настройке cron для Windows не подходит.
Надо ли настраивать Планировщик в Salesplatform Vtiger CRM?,Планировщик в SalesPlatform Vtiger CRM работает только при правильной настройке cron. Включать и выключать задачи Планировщика можно в настройках системы.
При размещении Vtiger CRM на Вашем сервере сопровождение CRM-системы входит в тариф?,При размещении SalesPlatform Vtiger CRM на нашем сервере сопровождение CRM-системы не входит в предложенный тариф.
Сколько необходимо серверов для Vtiger CRM c IP телефонией?,Решение SalesPlatform Vtiger CRM c IP телефонией может размещаться на одном сервере.
Возможно ли подключить свой телефон при использовании тестового доступа к CRM-системе?,При использовании тестового доступа к CRM-системе подключить свой телефон Вы не сможете. Можно сделать тестовые звонки через нашу телефонию на свой телефон.
Почему установка коробочного решения Vtiger CRM c IP телефонией стоит 53 700 р.?,"В стоимость установки коробочного решения SalesPlatform Vtiger CRM c IP телефонией - 53 700 р. входят услуги настройки и установки, а не стоимость ПО. Если Вы приобретаете решение на сервере компании ИТ-Град, стоимость будет ниже - 24 900 р."
"У Вас есть партнеры в Казахстане, Украине, Чехии, Белоруссии, Молдавии?","Наша компания работает как с российскими заказчиками, так и заказчиками из стран СНГ, зарубежья. Мы успешно осуществляем удаленную работу."
"Не могу зайти в демо-версию Vtiger CRM, выдает ошибку.","Если Вы не можете зайти в демо-версию SalesPlatform Vtiger CRM, то необходимо проверить правильность введенных данных логина и пароля, попробуйте ввести логин/пароль вручную, а не копируя текст из письма."
Где можно скачать программу для android (iOS) на планшет.,"Загрузить мобильное приложение для Android / iOS можно из Google Play / Apple Store. Приложения предназначены для Vtiger CRM, но они также могут работать с диcтрибутивом от SalesPlatform. Также можно использовать web-интерфейс CRM-системы из браузера на смартфоне или планшете."
Система Vtiger CRM подойдет для call-центра (колл-центра)?,"Система SalesPlatform Vtiger CRM подойдет для call-центра, можем предложить наше решение: http://salesplatform.ru/solutions/62-servicescrmasterisk.html"
Возможно ли установить Vtiger CRM на нашу виртуальную машину?,"Установка SalesPlatform Vtiger CRM возможна на виртуальный сервер. До 20 пользователей нужен сервер минимум с 2 Гб оперативной памяти (рекомендуется 4Гб), жесткий диск - от 20 Гб. Процессор минимум 2 ядра x 2ГГц (рекомендуется 4 ядра x 3ГГц). На сервере должна быть предварительно установлена ОС Linux (рекомендуем Debian)."
Сколько стоит интеграция с 1С?,"Стоимость интеграции SalesPlatform Vtiger CRM с 1С зависит от количества типов и направлений синхронизируемых документов. За каждый тип документа с учетом направления передачи информации (1С->CRM или CRM->1C) - по 10 сервисных часов (с/ч). Например, синхронизация контрагентов и номенклатуры товаров из 1С в CRM, и счетов из CRM в 1С будет стоить 30 с/ч."
Можно ли установить свое ПО и хранить информацию на Ваших виртуальных серверах?,"Для установки своего ПО и хранения информации на виртуальных серверах Вы можете воспользоваться услугами нашего партнера компании ""ИТ-Град"". "
Какова стоимость решения для интернет-магазина?,"Стоимость решения по интеграции CRM и интернет-магазина зависит от объема работ и определяется по результатам работы нашего аналитика по сбору требований и формированию ТЗ. Минимально возможный вариант - тариф ""60"" http://salesplatform.ru/tarifs/66-tarifssupport.html"
Vtiger CRM можно пользоваться свободно?,"Системой SalesPlatofrm Vtiger CRM можно пользоваться свободно, так как она распространяется по свободной лицензии, Вы можете загрузить и использовать SalesPlatofrm Vtiger CRM бесплатно."
С кем можно обсудить вопросы о работе CRM-системы?,"Вопросы о работе SalesPlatform Vtiger CRM можно обсудить, связавшись с нами по телефонам: (495) 204-36-51, (812) 244-71-51 или E-mail: sales@salesplatform.ru"
Как открыть страницу входа в демо demo версию Vtiger CRM?,"Для доступа к демо-версии SalesPlatform Vtiger CRM Вам необходимо заполнить форму http://salesplatform.ru/getdemo.html , далее перейти по ссылке указанной в письме, далее ввести логин и пароль."
CRM-система должна обязательно лежать в дериктории /var/www/?,"CRM-система на сервере не обязательно должна размещаться в директории /var/www/, Ваш системный администратор может любую директорию."
"При установке Vtiger CRM возникла проблема, ошибка, Вы могли бы помочь?","Если у Вас при установке SalesPlatform Vtiger CRM возникли проблемы, Вы можете приобрести услуги технической поддержки и сопровождения, или воспользоваться помощью сообщества: http://community.salesplatform.ru/forums/"
Когда с Вами можно обсудить вопрос на тему заказа услуг?,"Вы можете связаться с нами по телефонам: (495) 204-36-51, (812) 244-71-51 или E-mail: sales@salesplatform.ru"
Каким образом можно протестировать вашу CRM-систему?,"Для того, чтобы протестировать нашу CRM-систему Вам необходимо заполнить форму на странице: http://salesplatform.ru/order-form.html и Вы получите доступ к демо-версии системы Vtiger CRM на 15 дней."
У Вас есть прайс-лист по доработкам CRM-системы?,Фиксированного прайс-листа по доработкам CRM-системы нет. Каждая задача будет оценена в сервисных часах отдельно. Стоимость часа зависит от пакета: http://salesplatform.ru/tarifs/66-tarifssupport.html
Какова стоимость услуги на доработки Vtiger CRM?,Каждая задача по доработке SalesPlatform Vtiger CRM оценивается в сервисных часах отдельно. Стоимость часа зависит от пакета: http://salesplatform.ru/tarifs/66-tarifssupport.html
Вы осуществляете доработку Vtiger CRM?,Наша компания оказывает услуги по доработке SalesPlatform Vtiger CRM. Стоимость рассчитывается на основе трудоемкости в сервисных часах. С тарифами Вы можете ознакомится здесь: http://salesplatform.ru/tarifs/66-tarifssupport.html
Могу ли я поговорить с владельцем компании SalesPlatform?,"Вы можете связаться с нами по телефонам: (495) 204-36-51, (812) 244-71-51 или E-mail: sales@salesplatform.ru"
Какова стоимость в облачном решении на одного человека в месяц?,"Стоимость облачного решения SalesPlatform Vtiger CRM на одного человека в месяц составляет 500 руб., минимум должно быть два пользователя http://salesplatform.ru/tarifs/37-tarifssaas.html"
Какие входят модули в базовую комплектацию Vtiger CRM?,"Для того, чтобы узнать какие модули входят в базовую комплектацию SalesPlatform Vtiger CRM Вам необходимо заполнить форму на странице: http://salesplatform.ru/getdemo.html и Вы получите доступ к демо-версии системы. Документация с перечнем функциональности: http://salesplatform.ru/wiki/index.php/SalesPlatform_vtiger_crm_640"
У Вас есть демо-версия для администратора CRM-системы?,Для тестирования системы с правами администратора Вам необходимо заполнить форму на странице: http://salesplatform.ru/order-form.html
Где можно скачать загрузить дистрибутив Vtiger CRM?,Загрузить дистрибутив SalesPlatform Vtiger CRM можно по ссылке: http://community.salesplatform.ru/download/
Какова стоимость установки Vtiger CRM на нашем сервере + IP-телефония + сопровождение?,"Стоимость установки решения SalesPlatform Vtiger CRM + IP-телефония составляет 53 700 р., пакеты сопровождения по ссылке: http://salesplatform.ru/tarifs/66-tarifssupport.html"
Какова стоимость услуги интеграции Vtiger CRM с нашей IP-АТС Asterisk?,Услуга интеграции Vtiger CRM с вашей IP-АТС Asterisk потребует 30 сервисных часов: http://salesplatform.ru/tarifs/66-tarifssupport.html
"Я из Украины, Казахстана, Кыргыстана, Киргизии, Белоруссии, как можно произвести оплату?","Если Вы из Украины, Казахстана, Кыргыстана, Киргизии, Белоруссии оплату можно произвести кредитными картами, PayPal, WebMoney."
Какие минимальные требования к ресурсам сервера?,"Минимальные требования к ресурсам сервера: 2 Гб оперативной памяти, жесткий диск - 20 Гб, процессор - 1 ядро x 2ГГц. На сервере должна быть установлена ОС Linux (рекомендуем Debian)."
Где можно посмотреть прайс-лист Ваших услуг?,"Прайс-лист услуг нашей компании ""SalesPlatform"" можно посмотреть на сайте: http://salesplatform.ru/, тарифы: http://salesplatform.ru/tarifs/66-tarifssupport.html"
Какова стоимость решения Vtiger CRM для розничной сети?,"Стоимость решения Vtiger CRM для розничной сети зависит от количества требований, минимально возможный вариант - тариф ""30"" http://salesplatform.ru/tarifs/66-tarifssupport.html "
Каким образом можно посмотреть демо-версию CRM-системы?,"Для того, чтобы посмотреть демо-версию CRM-системы Вам необходимо заполнить форму на странице: http://salesplatform.ru/order-form.html и Вы получите доступ к демо-версии системы Vtiger CRM на 15 дней."
Можно ли заказать Skype-презентацию CRM-системы? ,"Для того, чтобы заказать Skype-презентацию CRM-системы Вам необходимо заполнить форму на странице: http://salesplatform.ru/order-form.html, мы перезвоним Вам и согласуем удобное время презентации по Skype."
У Вас есть описание системы Vtiger CRM?,"Описание системы Vtiger CRM представлено в документации с перечнем функциональности: http://salesplatform.ru/wiki/index.php/SalesPlatform_vtiger_crm_640. Скринкаст  о Типовом процессе продаж в SalesPlatform Vtiger CRM: http://www.youtube.com/watch?v=qy-_EaM-K58, скринкаст по телефонии: http://www.youtube.com/watch?v=aGNdADMHUWk"
В Vtiger CRM все поля нужно самим настраивать под свою компанию?,"В Vtiger CRM все поля можно самостоятельно настраивать под свою компанию, либо можно подключить услуги наших специалистов для этой цели: http://salesplatform.ru/tarifs/66-tarifssupport.html"
Как можно заключить договор с Вашей компанией?,"Для того, чтобы заключить договор с нашей компанией ""SalesPlatform""  Вам необходимо прислать реквизиты организации для оформления договора на sales@salesplatform.ru или заполните форму заказа: http://salesplatform.ru/order-form.html. "
Как можно получить тестовый доступ к CRM-системе с телефонией?,"Для того, чтобы получить тестовый доступ к CRM-системе с телефонией Вам необходимо заполнить форму на странице: http://salesplatform.ru/solutions/62-servicescrmasterisk.html и получить тестовый доступ к Vtiger CRM + IP-телефония на 15 дней."
Можно ли заполнять карточку клиента во время разговора?,Во время разговора с Клиентом Вы сможете параллельно заполнять карточку Клиента.
Надо ли устанавливать дополнительное программное обеспечение для работы с Vtiger CRM?,"Дополнительное программное обеспечение для работы с Vtiger CRM устанавливать не требуется, можно начать пользоваться системой при помощи браузера Интернет."
Имеется ли возможность осуществлять автообзвон базы клиентов?,Возможно осуществлять автообзвон базы клиентов при помощи SIP-софтфона или мобильного телефона.
Как происходит обновление доработок при выходе новой версии Vtiger CRM?,"При выходе новой версии Vtiger CRM обновление доработок Вы можете заказать в нашей компании ""SalesPlarform"", рекомендуется использовать тариф 30. "
Можно ли осуществить детальную настройку Vtiger CRM с подключением телефонии?,"Вы можете заказать детальную настройку Vtiger CRM с подключением телефонии в нашей компания ""SalesPlatform"". Стоимость сервисного часа от 1 590 руб. Пакеты часов технической поддержки и сопровождения можно посмотреть здесь: http://salesplatform.ru/tarifs/66-tarifssupport.html"
Сколько стоит один сервисный нормо час работы?,Один час стоит от 1 490 р. Пакеты часов технической поддержки и сопровождения: http://salesplatform.ru/tarifs/66-tarifssupport.html
В пакет 30 входит установка на нашем сервере Астериска или необходим уже готовый Астериск?,"В пакет 30 входит установка Астериска на Вашем сервере. В таблице:  http://salesplatform.ru/tarifs/66-tarifssupport.html перечислено то, какие работы могут осуществляться. Каждая заявка оценивается отдельно."
Как можно провести консультацию по поводу работ необходимых нашей компании?,"Для того, чтобы провести консультацию по поводу работ необходимых Вашей компании Вам необходимо присласть перечень Ваших пожеланий на sales@salesplatform.ru  далее мы Вам предложим скайп-кол с обсуждением. Другой вариант, это сразу купить пакет часов и начать с заявок по настройке системы совместно с нашим аналитиком."
Какова стоимость установки Вашей системы и ее обслуживание?,"Стоимость установки системы на Ваш сервер и ее обслуживание (6 часов сопровождения ) стоит 22940 руб.: http://salesplatform.ru/tarifs/20-tarifsconfiguration.html. При использовании системы в режиме SaaS: http://salesplatform.ru/tarifs/37-tarifssaas.html на пользователя системы,  ежемесячная абонентская плата состовляет 500р. Техническая поддержка и сопровождение: http://salesplatform.ru/tarifs/66-tarifssupport.html"
Вы предоставляете услуги доработки функционала Vtiger CRM?,"Наша компания ""SalesPlatform"" предоставляет услуги доработки функционала Vtiger CRM. Стоимость рассчитывается на основе трудоемкости в часах. Тарифы здесь: http://salesplatform.ru/tarifs/66-tarifssupport.html"
Можно ли скачать и пользоваться системой Vtiger CRM бесплатно?,"Для того, чтобы скачать и пользоваться системой Vtiger CRM бесплатно  перейдите на страницу: http://community.salesplatform.ru/download/."
Нужно немного доработать функционал Vtiger CRM.,"Наша компания ""SalesPlatform"" предоставляет услуги  доработки функционала Vtiger CRM. Стоимость рассчитывается на основе трудоемкости в часах (стоимость сервисного часа от 1 590 руб.). Тарифы здесь: http://salesplatform.ru/tarifs/66-tarifssupport.html "
Оплата на телефон возможна?,"Оплата услуг компании ""SalesPlatform"" возможна на телефон при помощи сервиса Робокасса и других сервисов."
Сколько будут стоить услуги Вашей компании по автоматизации услуг сервиса?,"Стоимость услуги нашей компании ""SalesPlatform"" по автоматизации услуг сервиса рассчитывается на основе трудоемкости в часах. Тарифы здесь: http://salesplatform.ru/tarifs/66-tarifssupport.html"
"Какова стоимость услуги по созданию нового Модуля для системы Vtiger CRM, дополнительного Модуля?","Cтоимость услуги по созданию нового Модуля, дополнительного Модуля для системы Vtiger CRM рассчитывается на основе трудоемкости в часах, рекомендуется тариф ""30"": http://salesplatform.ru/tarifs/66-tarifssupport.html. "
"Вы предоставляете услуги консультации по проблемам, возникающих при настройке или модификации Модуля Vtiger CRM?","Наша компания ""SalesPlatform"" предоставляет услуги консультации по проблемам, возникающих при настройке или модификации Модуля Vtiger CRM на почасовой основе через наш Клиентский портал, начиная от тарифа ""30"": http://salesplatform.ru/tarifs/66-tarifssupport.html"
Какова стоимость установки на наш сервер Vtiger CRM с телефонией?,"Стоимость установки на Ваш сервер Vtiger CRM с телефонией осуществляются в рамках пакета сопровождения ""30"" по стоимости 53700 руб. Из них 20 - установка и настройка под ключ, еще 10 - на дальнейшее сопровождение системы. Также возможно подключить типовое решение на выделенный виртуальный сервер у нашего партнера - облачного провайдера ИТ-Град. Стоимость такого решения 25330 руб. Стоимость не зависит от числа пользователей."
Как можно осуществить резервное копирование в Vtiger CRM?,"Для того, чтобы осуществить резервное копирование в Vtiger CRM Вам необходимо использовать специальное программное обеспечение по резервному копированию на удаленный ftp-сервер (БД и кода). В рамках услуг по поддержке наши специалисты смогут выполнить данную задачу."
Ваша система Vtiger CRM интегрируется с астериском?,"Система Vtiger CRM интегрируется с астериском, данную услугу Вы сможете заказать в нашей компании ""SalesPlatform"": http://salesplatform.ru/services/72-servicesasteriskintegration.html"
Как тарифицируется Vtiger CRM по количеству рабочих мест?,"Базовая услуга установки Vtiger CRM на Ваш сервер + 6 часов сопровождения стоит 22940 руб.: http://salesplatform.ru/tarifs/20-tarifsconfiguration.html. При использовании системы в режиме SaaS: http://salesplatform.ru/tarifs/37-tarifssaas.html на пользователя системы,  ежемесячная абонентская плата состовляет 500р. Техническая поддержка и сопровождение: http://salesplatform.ru/tarifs/66-tarifssupport.html"
"Какова стоимость установки Vtiger CRM на Вашем сервере, на облачном сервисе, на виртуальном сервере?","Стоимость установки Vtiger CRM на нашем сервере, на облачном сервисе, на виртуальном сервере  составляет 17940 руб. Стоимость услуги установки и настройки Vtiger CRM + IP телефония Asterisk (включает виртуальную АТС, интегрированную с CRM) - 24900 руб. Во всех вариантах стоимость включает 6 сервисных часов дополнительного обслуживания нашими специалистами."
Есть ли у Вас демо-версии для тестирования Vtiger CRM?,"Для того, чтобы воспользоваться демо-версией для тестирования Vtiger CRM Вам необходимо заполнить форму на странице: http://salesplatform.ru/order-form.html и Вы получите доступ к демо-версии системы Vtiger CRM на 15 дней."
Какова стоимость интеграции 1С с Vtiger CRM?,"Стоимость интеграции Vtiger CRM с 1С зависит от количества типов синхронизируемых документов, 19900 руб. за один вид документа. Например, синхронизация контрагентов из 1С в CRM и счетов из CRM в 1С будет стоить 39800 руб.  За каждый элемент интеграции (счета, контрагенты и т.д., с учетом направления передачи информации (1С->CRM или CRM->1C)) - по 10 сервисных часов."
Каким образом можно работать с Vtiger CRM с мобильного устройства?,"Для того, чтобы можно было работать с Vtiger CRM с мобильного устройства Вы можете использовать мобильные приложения на выбор для Android и iOS ( можно скачать из Google Play (appstore)). Приложения предназначены для Vtiger CRM, но они также могут работать с диcтрибутивом salesplatform. Также можно открывать web-интерфейс CRM-системы из браузера на смартфоне или планшете."
"У Вас есть курсы, книги для разработчиков на базе Vtiger CRM?","В нашей компании ""SalesPlatform"" не предусмотрены курсы, книги для разработчиков на базе Vtiger CRM, основной источник информации по Vtiger CRM для разработчиков здесь: https://www.vtiger.com/developers/"
Как открыть диалоговое окно для входа в систему Vtiger CRM?,"Для того, чтобы открыть диалоговое окно для входа в систему Vtiger CRM  Вам необходимо перейти по ссылке указанной в письме, далее введите логин и пароль."
Возможно ли подключить IP-телефонию к Vtiger CRM?,"Подключение IP-телефонии к Vtiger CRM возможно, нашей компанией ""SalesPlatform"" разработано готовое решения ""Vtiger CRM + IP-телефония Asterisk"", описание на странице: http://salesplatform.ru/solutions/62-servicescrmasterisk.html"
Возможно ли свою телефонию интегрировать с Vtiger CRM?,"Для того, чтобы интегрировать Вашу телефонию с Vtiger CRM потребуется 20 сервисных часов: http://salesplatform.ru/tarifs/66-tarifssupport.html"
У Вас есть мобильное приложение для Vtiger CRM?,"Мобильные приложения для Vtiger CRM  под Android и iOS можно скачать из Google Play (appstore). Приложения предназначены для Vtiger CRM, но они также могут работать с диcтрибутивом salesplatform. Также можно открывать web-интерфейс CRM-системы из браузера на смартфоне или планшете."
Есть у Вас клиент под мобильные платформы?,"Клиент под мобильные платформы (Android и iOS) можно скачать из Google Play (appstore). Приложения предназначены для Vtiger CRM, но они также могут работать с диcтрибутивом salesplatform. Также можно открывать web-интерфейс CRM-системы из браузера на смартфоне или планшете."
В Vtiger CRM можно просматривать загруженные файлы?,"Встроенного просмотра загруженных файлов в Vtiger CRM нет, документ может быть загружен и открыт для просмотра на компьютере."
Какие есть отличия у Vtiger CRM от остальных CRM-систем?,"Отличия Vtiger CRM от остальных CRM-систем заключаются в следующем: Vtiger является полнофункциональной CRM-системой с дополнительными функциями управления проектами, HelpDesk, управления маркетингом и др. Основное отличие - открытый исходный код, возможность сколько угодно гибкой адаптации под Ваши требования."
В чем отличия Vtiger CRM от других CRM-систем?,"Отличия Vtiger CRM от других CRM-систем заключаются в следующем: Vtiger является полнофункциональной CRM-системой с дополнительными функциями управления проектами, HelpDesk, управления маркетингом и др. Основное отличие - открытый исходный код, возможность сколько угодно гибкой адаптации под Ваши требования."
Какова стоимость установки Vtiger CRM?,"Стоимость установки Vtiger CRM на Ваш сервер и ее обслуживание (6 часов сопровождения ) стоит 22940 руб.: http://salesplatform.ru/tarifs/20-tarifsconfiguration.html. При использовании системы в режиме SaaS: http://salesplatform.ru/tarifs/37-tarifssaas.html на пользователя системы,  ежемесячная абонентская плата состовляет 500р. Техническая поддержка и сопровождение: http://salesplatform.ru/tarifs/66-tarifssupport.html"
"Что входит в стоимость готового решения ""CRM + IP-телефония""?","В стоимость готового решения ""CRM + IP-телефония"" помимо установки и начальной настройки входят 6 сервисных часов технической поддержки и сопровождения."
Где находится виртуальный сервер?,"Виртуальный сервер находится у партнера нашей компании ""SalesPlatform"" - облачного провайдера ИТ-Град. Их дата-центры находятся в Санкт-Петербурге и Москве."
"Что делать, если после успешной установки Vtiger CRM появится ошибка или произойдет сбой?","Если после успешной установки Vtiger CRM появится ошибка или произойдет сбой и Вы будете подключены к порталу нашей технической поддержки, в котором Вы сможете отправлять нам заявки. Все заявки будут реализованы в рамках услуг сопровождения. После исчерпания 6 сервисных часов, входящих в стоимость решения, Вы сможете дополнительно приобрести любой доступный пакет сервисных часов."
Настройка бизнес-процессов входит в стоимость Vtiger CRM?,"Настройка бизнес-процессов не входит в стоимость Vtiger CRM, так как за 6 сервисных часов можно выполнить только начальные настройки Vtiger CRM? "
Какой срок запуска Vtiger CRM?,Срок запуска Vtiger CRM выполняется в течение одного рабочего дня с момента получения оплаты.
В течение какого времени Вы установите Vtiger CRM?,Cтандартная установка Vtiger CRM выполняется в течение одного рабочего дня с момента получения оплаты.
Какова стоимость внедрения Вашей CRM-системы?,"Стоимость внедрения CRM-системы на наш сервер и ее обслуживание (6 часов сопровождения ) стоит 22940 руб.: http://salesplatform.ru/tarifs/20-tarifsconfiguration.html. При использовании системы в режиме SaaS: http://salesplatform.ru/tarifs/37-tarifssaas.html на пользователя системы,  ежемесячная абонентская плата состовляет 500р. Техническая поддержка и сопровождение: http://salesplatform.ru/tarifs/66-tarifssupport.html"
Нужно ли дополнительное оборудование для работы Астериск?,Для работы Астериск не нужно дополнительного оборудования.
Как получить доступ к тест аккаунту?,"Для того, чтобы получить доступ к тест аккаунту Вам необходимо заполнить форму на странице: http://salesplatform.ru/order-form.html и Вы получите доступ к демо-версии системы Vtiger CRM на 15 дней."
Какие языки поддерживает Vtiger CRM?,"Система Vtiger CRM поддерживает несколько десятков языков, английский и русский языки включены по умолчанию."
Возможно ли изменять шаблоны в Vtiger CRM?,Шаблоны в Vtiger CRM возможно изменять в полной версии Vtiger CRM.
Где можно скачать языки для Vtiger CRM?,"Языки для Vtiger CRM можно скачать здесь: https://marketplace.vtiger.com/app/listings, выберите вкладку ""Language Packs""."
У Вас есть условия партнерской программы?,"Условия партнерской программы зависят от формата и вида партнерства. Просьба описать, в каких услугах или решениях Вы хотите стать партнером компании ""SalesPlatform"". Просьба прислать на sales@salesplatform.ru"
Есть ли возможность зайти под администратором в демо-версию Vtiger CRM?,"Для того, чтобы зайти под администратором в демо-версию Vtiger CRM Вам необходимо заполнить форму на странице: http://salesplatform.ru/getdemo.html и Вы получите тестовый доступ к настройкам Vtiger CRM на 15 дней."
Документация Vtiger CRM актульна для Вашей CRM-системы?,"Документация Vtiger CRM актульна для нашей CRM-системы, документация доступна по ссылке: http://salesplatform.ru/wiki/index.php/SalesPlatform_vtiger_crm_640"
Вы оказываете услуги по доработке CRM-системы?,"Наша компания ""SalesPlatform"" оказываете услуги по доработке CRM-системы: автоматизация бизнеса, разработка сложных интернет-сервисов, а также осуществлене технической поддержки и сопровождения CRM-системы."
В чем отличия SalesPlatform Vtiger CRM от системы Vtiger CRM?,"Отличия SalesPlatform Vtiger CRM от системы Vtiger CRM заключаются в следующем: В системе SalasPlatform Vtiger CRM улучшенная локализация; поддержка UTF-8; Шаблоны PDF; Модули: Акты, Реализации, Платежи; единицы измерения; интеграция с 1С по протоколу CommerceML; интеграция с соц. сетями; интеграция с КЛАДР; интеграция с IP-телефонией и исправлены некоторые функциональные ошибки. Каждый релиз CRM-системы содержит перечень доработок, основная информация тут: http://community.salesplatform.ru/2014/10/07/salesplatform-vtiger-crm-610-201410-release/"
Ваша Vtiger CRM платная?,Система Vtiger CRM не является платной системой?
Как происходит сопровождение Vtiger CRM?,"Сопровождение Vtiger CRM приобретается, если требуются какие-то дополнительные настройки. Оплата почасовая, есть пакеты часов (6, 30, 60). Абонентской платы нет."
Возможно ли выбрать любого оператора IP-телефонии?,"Имеется возможность  выбрать любого оператора IP-телефонии для Vtiger CRM, наши специалисты выполнят настройку внешней линии."
Вы дорабатываете Vtiger CRM?,"Наша компания ""SalesPlatform"" предоставляет услуги по доработке Vtiger CRM, это одна из основных услуг нашей компании ""SalesPlatform""."
Как подключить на андроид приложение?,"Для того, чтобы подключить на андроид (Android или iOS) приложение, его можно скачать из Google Play (appstore). Приложения предназначены для Vtiger CRM, но они также могут работать с диcтрибутивом salesplatform. Также можно открывать web-интерфейс CRM-системы из браузера на смартфоне или планшете."
Для чего нужен Zoiper?,"Zoiper - это приложение для IP-телефонии, его можно использовать совместно с нашим решением ""Vtiger CRM + IP телефония Asterisk""."
Как сменить логотип компании на главной странице Vtiger CRM?,"Для того, чтобы сменить логотип компании на главной странице Vtiger CRM  необходимо зайти в настройки Vtiger CRM в разделе ""Данные организации""."
Как можно грамотно подготовить ТЗ?,"Для того, чтобы подготовить ТЗ Вам достаточно изложить свои пожелания в свободной форме, далее аналитик нашей компании ""SalesPlatform"" изучит их, сопоставит с возможностями системы и предложит оптимальное решение, после чего составит ТЗ."
Как использовать устройства android для звонков через ip-телефонию?,"Для того, чтобы использовать устройства android для звонков через ip-телефонию Вам необходимо установить через Google Play приложение sip-телефонии для платформы android. Например, приложение zoiper. После установки приложения вы указываете в настройках параметры виртуальной АТС (которые мы сообщим) и устройство работает как полноценный ip-телефон. Есть также другой вариант - установить в телефон специальную sim-карту, которая будет связана с нашей виртуальной ATC - тогда никаких специальных приложений устанавливать не нужно."
Возможно ли осуществить интеграцию Vtiger CRM с веб-сайтами самостоятельно?,"Для того, чтобы осуществить интеграцию Vtiger CRM с веб-сайтами самостоятельно Вы можете воспользоваться модулем ""ВебФорма"" или API. Все это открыто и может быть использовано Вами."
Какие возможны формы оплаты вне пределах РФ?,"Оплата вне пределах РФ возможна кредитными картами, PayPal, WebMoney и др."
Где можно посмотреть возможности Vtiger CRM?,"Для того, чтобы посмотреть возможности Vtiger CRM Вам необходимо заполнить форму на странице: http://salesplatform.ru/order-form.html и Вы получите доступ к демо-версии системы Vtiger CRM на 15 дней."
Можно подключиться к любому почтовому серверу в Vtiger CRM?,"В Vtiger CRM можно подключиться к любому SMTP/IMAP серверу, также есть плагин для outlook."
Есть ли возможность связаться с вами по скайпу?,"Для того, чтобы связаться с нами по скайпу необходимо заполнить форму: http://salesplatform.ru/order-form.html, мы перезвоним Вам и согласуем удобное время для связи по Skype."
Какие параметры необходимо указать при добавлении внутренних абонентов в FreePBX?,"При добавлении  внутренних абонентов в FreePBX необходимо указать следующие параметры: User Extension, Display Name, Secret (пароль), NAT (должно быть yes), Recording Options - все должны быть Yes. Остальное можно оставить как есть."
Есть ли у Вас описание Модулей вашей системы?,Описание Модулей системы Vtiger CRM представлено в документации по ссылке: http://salesplatform.ru/wiki/index.php/SalesPlatform_vtiger_crm_640
Сканер почты Vtiger CRM работает с gmail?,Сканер почты Vtiger CRM работает с любым imap-сервером.
"Что необходимо для установки Vtiger CRM, начальные условия?","Для установки Vtiger CRM необходим стандартный (возможно, виртуальный) сервер минимум с 2 Гб оперативной памяти (рекомендуется 4Гб), жесткий диск - от 20 Гб. Процессор минимум 4 ядра x 2ГГц (рекомендуется 6 ядер x 3ГГц). На сервере должна быть предварительно установлена ОС Linux (рекомендуем Debian 7)."
Вы проводите обучение специалистов из других компаний?,Можем консультировать Ваших сотрудников по скайпу. Наиболее удобный вариант - это разработка обучающих видеороликов (скринкастов).
Сколько стоит установка стандартной версии Vtiger CRM?,"Стоимость установки стандартной версии Vtiger CRM на Ваш сервер + 6 часов сопровождения стоит 22940 руб.: http://salesplatform.ru/tarifs/20-tarifsconfiguration.html. При использовании системы в режиме SaaS: http://salesplatform.ru/tarifs/37-tarifssaas.html на пользователя системы,  ежемесячная абонентская плата состовляет 500р. Техническая поддержка и сопровождение: http://salesplatform.ru/tarifs/66-tarifssupport.html"
"Есть ли возможность установки Vtiger CRM в Украине, Казахстане, Кишиневе, Чехии?","Наша компания ""SalesPlatform"" осуществляет удаленную услугу по установке Vtiger CRM в Украине, Казахстане, Кишиневе, Чехии."
Как быстро Вы развернете Vtiger CRM?,"Для того, чтобы  развернуть Vtiger CRM потребуется один рабочий день с момента получения оплаты."
Какова стоимость и сроки установки Vtiger CRM с IP-телефонией?,"Стоимость и сроки установки Vtiger CRM с IP-телефонией на Вашем сервере осуществляются в рамках пакета сопровождения ""30"" по стоимости 53700 руб. Из них 20 - установка и настройка под ключ, еще 10 - на дальнейшее сопровождение системы. Также возможно подключить типовое решение на выделенный виртуальный сервер у нашего партнера - облачного провайдера ИТ-Град. Стоимость такого решения 25330 руб. Стоимость не зависит от числа пользователей. Cтандартная установка Vtiger CRM выполняется в течение одного рабочего дня с момента получения оплаты."
Есть ли у Вас API для интеграции с сайтом?,Vtiger CRM может интегрироваться с любым сайтом при помощи API или протокола CommerceML.
Вы можете разрабатывать дополнительные Модули для Vtiger CRM?,"Наша компания ""SalesPlatform"" предоставляет услуги по разработке дополнительных модулей для Vtiger CRM, это одна из основных услуг нашей компании."
Форма оплаты?,"Форма оплаты возможна по безналичному расчету от юр. лица или от физ. лица - кредитной картой, электорнными деньгами и т.д."
Возможно ли за 30 часов разработать готовое решение для компании?,"За 30 часов разработать готовое решение для компании нельзя, но будет сделано, как минимум, следующее: сформирована структура информационных карточек, состав ролей пользователей и их права в системе, реализован базовый процесс работы в системе для сотрудников. Также часть времени из этих 30 часов будет работать аналитик, который, при необходимости, сформирует проект для дальнейшего развития системы."
Клиентский портал входит в стоимость установки Vtiger CRM (SaaS)? ,"Клиентский портал не входит в стоимость установки Vtiger CRM (SaaS), клиентский портал подключается к Vtiger CRM (SaaS) при оплате услуги. Стоимость Клиентского портала равна стоимости дополнительного пользователя SaaS (500 руб./мес.)"
"Можно ли потестировать Клиентский портал на услуге SaaS?""","Для того, чтобы потестировать Клиентский портал на услуге SaaS Вам необходимо перейти на платный аккаунт и оплачивать 1000 руб. / мес."
Как происходит подключение номера мобильной связи к Vtiger CRM?,"Процесс подключения номера мобильной связи к Vtiger CRM следующий:  входящие звонки попадают в Asterisk, затем переадресовываются на личные телефоны сотрудников. Исходящие звонки осуществляются через Vtiger CRM, при этом Asterisk автоматически соединит телефон сотрудника с номером телефона клиента."
Возможно ли на существующую Vtiger CRM подключить asterisk?,"Подключение asterisk к  Vtiger CRM на Вашем сервере осуществляются в рамках пакета сопровождения ""30"" по стоимости 53700 руб. Из них 20 - установка и настройка под ключ, еще 10 - на дальнейшее сопровождение системы. Также возможно подключить типовое решение на выделенный виртуальный сервер у нашего партнера - облачного провайдера ИТ-Град. Стоимость такого решения 24 900 руб.: http://salesplatform.ru/solutions/62-servicescrmasterisk.html. Стоимость не зависит от числа пользователей."
Какие услуги входят в типовое решение CRM + IP телефония Asterisk?,"Услуги входящие в типовое решение CRM + IP телефония Asterisk на Вашем VPS следующие: установка и настройка системы SalesPlatform Vtiger CRM на Вашем сервере, установка и настройка виртуальной IP-АТС Asterisk на Вашем сервере, подключение к АТС внешней линии IP-телефонии (SIP), конфигурирование в АТС внутренних номеров сотрудников."
Возможно ли осуществлять звонки с android и ios?,"Для того,ч тобы осуществлять звонки с android и ios Вам необходимо воспользоваться sip-софтфоном."
Что из себя представляет процесс интеграции IP телефонии с Vtiger CRM?,"Процесс интеграции IP телефонии с Vtiger CRM включает следующее: установка и настройка системы SalesPlatform Vtiger CRM на Вашем сервере, установка и настройка виртуальной IP-АТС Asterisk на Вашем сервере, подключение к АТС внешней линии IP-телефонии (SIP), конфигурирование в АТС внутренних номеров сотрудников."
"Какие необходимо заказать параметры VPS под типовое решение ""Vtiger CRM + IP телефония Asterisk""?","Параметры необходимые для VPS под типовое решение ""Vtiger CRM + IP телефония Asterisk"": стандартный (возможно, виртуальный) сервер минимум с 2 Гб оперативной памяти (рекомендуется 4Гб), жесткий диск - от 20 Гб, процессор минимум 4 ядра x 2ГГц (рекомендуется 6 ядер x 3ГГц). На сервере должна быть предварительно установлена ОС Linux (рекомендуем Debian 7)."
Можно ли установить Vtiger CRM на ОС Windows?,"Установка Vtiger CRM на ОС  Windows возможна, но не рекомендуется, т.к. есть много минусов решения на Windows: сложность обслуживания, надежность и пр."
Вы устанавливаете решение на базе IP-телефонии?,"Наша компания ""SalesPlatform"" устанавливает решение на базе IP-телефонии, и интегрирует его с Vtiger CRM."
Какие дополнительные модули к CRM-системе Вы можете предложить?,"После установки Vtiger CRM будут доступны все модули системы. При необходимости, Вы можете дополнительно воспользоваться услугами наших специалистов по сопровождению или доработке системы."
Для IP-телефонии какое оборудование потребуется?,"Для IP-телефонии Asterisk специального оборудования не требуется. Специалисты нашей компании ""SalesPlatform"" смогут установить типовое решение на виртуальном сервере. Решение включает в себя установку Vtiger CRM и базовую настройку Asterisk. Стоимость 25430 руб."
Вы проводите презентацию Vtiger CRM?,"Для того, чтобы провести презентацию Vtiger CRM Вам необходимо заполнить форму: http://salesplatform.ru/order-form.html, мы перезвоним Вам и согласуем удобное время презентации по Skype."
Как можно заказать презентацию CRM-системы?,"Для того, чтобы заказать презентацию CRM-системы Вам необходимо заполнить форму: http://salesplatform.ru/order-form.html, мы перезвоним Вам и согласуем удобное время презентации по Skype."
Сколько времени займет Skype-презентация?,"Skype-презентация проходит от 15 мин до часу в зависимости от Ваших дальнейших вопросов, можете указать пожелание по дате и времени."
Какова стоимость стандартных настроек Vtiger CRM?,Стоимость стандартных настроек Vtiger CRM   составляет 34300 руб. В него входит 20 часов работы аналитика по созданию начальной конфигурации Vtiger CRM в рамках стандрартных настроек.
Вы можете посоветовать подходящий недорогой хостинг для Vtiger CRM?,Подходящий недорогой хостинг для Vtiger CRM: clodo.ru или selectel.ru
Разработкой модулей для Vtiger CRM занимаетесь?,"Наша компания ""SalesPlatform"" предоставляет услуги по разработке модулей для Vtiger CRM. Стоимость рассчитывается на основе трудоемкости в часах. Тарифы здесь: http://salesplatform.ru/tarifs/66-tarifssupport.html"
"Есть видео, презентация вашего продукта?","Видео о типовом процессе продаж в SalesPlatform Vtiger CRM: http://www.youtube.com/watch?v=qy-_EaM-K58, видео по телефонии: http://www.youtube.com/watch?v=aGNdADMHUWk. Описание системы Vtiger CRM также представлено в документации с перечнем функциональности: http://salesplatform.ru/wiki/index.php/SalesPlatform_vtiger_crm_640. "
Вы дорабатываете функционал Vtiger CRM на уровне исходного кода?,"Наша компания ""SalesPlatform"" предоставляет услуги по доработке функционала Vtiger CRM на уровне исходного кода. Стоимость рассчитывается на основе трудоемкости в часах. Тарифы здесь: http://salesplatform.ru/tarifs/66-tarifssupport.html "
Как можно получить полную версию Vtiger CRM?,"Для того, чтобы  получить полную версию Vtiger CRM необходимо перейти на страницу: http://community.salesplatform.ru/download/ "
Свободна ли какая-либо версия Вашей платформы?,Платформа Vtiger CRM является свободным ПО и предоставляется на основании свободной лицензии Vtiger Public License. Вы можете загрузить платформу на нашем сайте community.salesplatform.ru
Внешний сайт интегрируется с Vtiger CRM?,"Интеграция Vtiger CRM с внешним сайтом возможна при помощи модуля ""ВебФорма"" или API. Все это открыто и может быть использовано Вами."
Веб-сайт прилагается к Vtiger CRM?,"Веб-сайт не прилагается к Vtiger CRM, но наша компания ""SalesPlatform"" предоставляет услуги по разработке сайтов. Для разработки подходит любая платформа, например, bitrix или drupal."
Вы разрабатываете сайты?,"Наша компания ""SalesPlatform"" предоставляет услуги по разработке сайтов. Для разработки подходит любая платформа, например, bitrix или drupal."
Вы предоставляете услуги по разработке сайтов?,"Наша компания ""SalesPlatform"" предоставляет услуги по разработке сайтов. Для разработки подходит любая платформа, например, bitrix или drupal."
"Вы сможете  доработать Vtiger CRM под любые компании, занимающиеся разными видами деятельности?","Наша компания ""SalesPlatform"" предоставляет услуги доработки Vtiger CRM под любые компании, занимающиеся разными видами деятельности,  это одна из основных услуг нашей компании."
Вы бы могли посоветовать дешевого поставщика IP-телефонии? ,"Цены у поставщиков IP-телефонии примерно на одном уровне, рекомендум обращаться к проверенным поставщикам, например, http://youmagic.pro/"
"Возможно ли в CRM-системе сделать так, чтобы разные отделы одной организации не видели друг друга?",Видимость (или невидимость) данных между отделами можно настроить стандартными средствами в Vtiger CRM. 
"Возможно ли в Vtiger CRM сделать так, чтобы у каждого отдела одной организации фиксировались свои реквизиты для Счетов?","Для того, чтобы в Vtiger CRM сделать так, чтобы у каждого отдела одной организации фиксировались свои реквизиты для Счетов необходимо создать несколько шаблонов счетов, либо реализовать соответствующую доработку CRM-системы."
Где можно скачать SalesPlatform Vtiger Asterisk Connector?,Скачать SalesPlatform Vtiger Asterisk Connector можно здесь: http://community.salesplatform.ru/download/
Какой веб-телефон можно использовать для звонков?,"Для зконков специального веб-телефона не требуется. Вы можете использовать для работы с IP-телефонией любой софтфон (например, Zoiper) или аппаратные SIP-телефоны."
Можно ли посмотреть демо-версию Vtiger CRM?,"Для того, чтобы посмотреть демо-версию Vtiger CRM необходимо заполнить форму на странице: http://salesplatform.ru/order-form.html и Вы получите доступ к демо-версии системы Vtiger CRM на 15 дней."
Интересует CRM + IP-телефония.,"Установка и настройка готового решения ""CRM + IP-телефония"" на Вашем сервере осуществляются в рамках пакета сопровождения ""30"" по стоимости 53700 руб. Из них 20 - установка и настройка под ключ, еще 10 - на дальнейшее сопровождение системы. Также возможно подключить типовое решение на выделенный виртуальный сервер у нашего партнера - облачного провайдера ИТ-Град. Стоимость такого решения 25330 руб. Стоимость не зависит от числа пользователей."
Ваш продукт платный?,"Продук нашей компании ""SalesPlatform"" Vtiger CRM является свободным ПО и предоставляется на основании свободной лицензии Vtiger Public License. Вы можете загрузить платформу на нашем сайте community.salesplatform.ru. Платными являются услуги нашей компании ""SalesPlatform"" по внедрению и сопровождению системы."
Нам нужна Vtiger CRM для салона красоты.,"Для того, чтобы протестировать Vtiger CRM для салона красоты необходимо заполнить форму на странице: http://salesplatform.ru/order-form.html в поле услуга необходимо выбрать ""CRM для салона красоты"". Вам будет предоставлен бесплатный доступ на 15 дней."
Где можно скачать инструкцию по CRM-системе в формате PDF?,Инструкция по CRM-системе доступна по ссылке: http://salesplatform.ru/wiki/index.php/SalesPlatform_vtiger_crm_640
Какова стоимость Ваших услуг?,"Стоимость услуг нашей компаниии ""SalesPlatform"" приведены здесь: http://salesplatform.ru/tarifs/66-tarifssupport.html"
Поддерживается ли в Vtiger CRM импорт/экспорт данных?,В Vtiger CRM поддерживается импорт/экспорт данных в формате CSV (совместим с Excel).
Вы консультируете по вопросам настройки CRM-системы?,Документация доступна по ссылке: http://salesplatform.ru/wiki/index.php/SalesPlatform_vtiger_crm_640
Вы предоставляете услуги по доработке конфигурации Vtiger CRM?,"Наша компания ""SalesPlatform"" предоставляет услуги по доработке конфигурации Vtiger CRM. Стоимость рассчитывается на основе трудоемкости в часах. Тарифы здесь: http://salesplatform.ru/tarifs/66-tarifssupport.html "
В Vtiger CRM имеется возможность экспорта/импорта данных?,В Vtiger CRM имеется возможность экспорта/импорта данных в формате CSV (совместим с Excel).
Каким способом SalesPlatform Vtiger CRM интегрируется с 1С?,"SalesPlatform Vtiger CRM интегрируется с 1С (конфигурация ""Управление торговлей"") на основе протокола CommerceML. Также наша компания ""SalesPlatform"" может  реализовать решение по интеграции на основе SOAP с любой конфигурацией."
"Сколько стоит интерграция Vtiger CRM с 1С ""Управление торговлей""?","Интерграцию Vtiger CRM с 1С ""Управление торговлей"" Вы сможете настроить самостоятельно по инструкции: http://salesplatform.ru/wiki/index.php/SalesPlatform_vtiger_crm_640, раздел ""Интеграция со сторонними системами"", подраздел: ""Интеграция с 1С посредством CommerceML"". В случае затруднений наша компания ""SalesPlatform"" может оказать услугу технической поддержки системы."
Дописываете ли Вы Vtiger CRM под нужды конкретного бизнеса?,"Наша компания ""SalesPlatform"" дописывает Vtiger CRM под нужды конкретного бизнеса, это одна из основных услуг нашей компании ."
Имеется ли возможность выхода в Vtiger CRM с мобильных устройств из другого города России или зарубежья?,"Разместив Vtiger CRM на сервере, доступном из сети интернет,  возможен выход в Vtiger CRM с мобильных устройств из другого города России или зарубежья."
Какой функционал входит в коробочную версию Vtiger CRM?,"Основной функционал, который входит в коробочную версию Vtiger CRM описан в документации: http://salesplatform.ru/wiki/index.php/SalesPlatform_vtiger_crm_640"
Возможно ли выводить данные из Vtiger CRM в формате PDF?,"Vtiger CRM поддерживает возможность вывода данные в формате PDF при помощи модуля ""Шаблоны PDF""."
Какие имеются функции в телефонии при интенграции с Vtiger CRM?,"При интенграции Vtiger CRM с телефонией появляются основные функции: один внешний SIP-транк, несколько внутренних абонентов. При необходимости наши специалисты смогут задействовать все возможности Asterisk. Функции интеграции с CRM: набор исходящих номеров, мониторинг входящих, история с привязкой к клиентам, прослушивание записанных звонков."
Есть ли в Vtiger CRM возможность строить отчеты?,"В Vtiger CRM имеется возможность строить отчеты по звонкам, встречам, КП и т.д. при помощи конструктора отчетов, также имеется возможность использовать виджет ""Ключевые показатели"" (KPI)."
Есть ли у Вас обучение для пользователей Vtiger CRM?,"Обучение для пользователей Vtiger CRM проводится под конкретную конфигурацию, т.к. каждая организация настраивает систему под себя, что сильно изменяет функции и принципы ее работы. "
Чем отличается ваша сборка Vtiger CRM от оригинальной?,"Наша сборка Vtiger CRM отличается от оригинальной  в следующем: в системе SalasPlatform Vtiger CRM улучшенная локализация; поддержка UTF-8; Шаблоны PDF; Модули: Акты, Реализации, Платежи; единицы измерения; интеграция с 1С по протоколу CommerceML; интеграция с соц. сетями; интеграция с КЛАДР; интеграция с IP-телефонией и исправлены некоторые функциональные ошибки. Каждый релиз CRM-системы содержит перечень доработок, основная информация тут: http://community.salesplatform.ru/2014/10/07/salesplatform-vtiger-crm-610-201410-release/"
Что такое CommerceML?,"Протокол CommerceML используется для интеграции Vtiger CRM с конфигурацией 1С ""Управление Торговоей""."
Интересует стоимость приобретения Вашей Vtiger CRM.,"Стоимость приобретения нашей Vtiger CRM на Ваш сервер + 6 часов сопровождения составляет 22940 руб.: http://salesplatform.ru/tarifs/20-tarifsconfiguration.html. При использовании системы в режиме SaaS: http://salesplatform.ru/tarifs/37-tarifssaas.html на пользователя системы, ежемесячная абонентская плата состовляет 500р. Техническая поддержка и сопровождение: http://salesplatform.ru/tarifs/66-tarifssupport.html"
Vtiger CRM работает только с IP-телефонией?,"Vtiger CRM интегрируется с Asterisk. К Asterisk можно подключать различные виды телефонных линий, не только IP."
Как зайти на мобильную версию Vtiger CRM?,"Для того, чтобы зайти на мобильную версию Vtiger CRM можно скачать из Google Play (appstore) мобильное приложение на выбор для Android и iOS. Приложения предназначены для Vtiger CRM, но они также могут работать с диcтрибутивом salesplatform. Также можно открывать web-интерфейс CRM-системы из браузера на смартфоне или планшете."
Как начать использовать демо-версию Vtiger CRM?,"Для того, чтобы начать использовать демо-версию Vtiger CRM перейдите по ссылке указанной в письме, далее введите логин и пароль."
Что необходимо установить для интеграции Vtiger CRM с 1С?,"Для интеграции Vtiger CRM с 1С ничего дополнительно устанавливать не требуется. Подробная инструкция здесь: http://salesplatform.ru/wiki/index.php/SalesPlatform_vtiger_crm_640, раздел ""Интеграция со сторонними системами"", подраздел: ""Интеграция с 1С посредством CommerceML"". В случае затруднений наша компания ""SalesPlatform"" можем предоставить техническую поддержку и сопровождение."
Есть ли мобильный клиет под android?,"Есть несколько мобильных приложений на выбор для Android и iOS. Эти приложения для Vtiger, но они могут работать с диcтрибутивом salesplatform. Также можно открывать web-интерфейс системы из браузера на смартфоне или планшете."
Какие есть возможности у Vtiger CRM при входящем звонке?,"При входящем звонке в Vtiger CRM отображается всплывающее окно, в котором указывается информация о звонящем из CRM-системы (если такой контакт уже есть в CRM). Также сохраняется история звонков с привязкой к клиентам. Имеется возможность прослушивать записанные разговоры."
Как можно воспользоваться вашей Vtiger CRM?,"Для того, чтобы воспользоваться Vtiger CRM заполните форму на странице: http://salesplatform.ru/order-form.html и Вы получите доступ к демо-версии системы Vtiger CRM."
Как я могу получить доступ к демо-версии Vtiger CRM?,"Для того, чтобы получить доступ к демо-версии Vtiger CRM необходимо заполнить форму на странице: http://salesplatform.ru/order-form.html и Вы получите доступ к демо-версии системы Vtiger CRM на 15 дней."
Какие у Вас есть варианты удаленного внедрения?,"Наша компания ""SalesPlatform"" имеет опыт удаленного внедрения. В процессе внедрения Vtiger CRM у Вас будет выделенный сотрудник-аналитик, который будет контактировать с Вами с использованием всех доступных средств связи, включая скайп. Выполнение работ техническими специалистами нашей компании также может выполняться с использованием удаленного доступа."
Что входит в услугу внедрение пакета?,"В услугу внедрения пакета входят услуги аналитика (сбор и анализ требований, формирование проекта внедрения), а также услуги разработчиков по реализации проекта. Результатом внедрения является созданная по Вашим требованиям индивидуальная конфигурация системы Vtiger CRM."
Есть ли возможность в Vtiger CRM создать личный кабинет клиента?,"Для того, чтобы создать в Vtiger CRM личный кабинет клиента, необходима дополнительная установка, стоимость которой составляет 2 980 руб."
Вы занимаетесь доработкой Вашей Vtiger CRM?,"Наша компания ""SalesPlatform"" занимается доработкой Vtiger CRM, это одна из основных услуг нашей компании."
Вы проводите демонстрацию продукта через скайп?,"Для того, чтобы провести демонстрацию продукта через скайп необходимо заполнить форму на странице: http://salesplatform.ru/order-form.html, мы перезвоним Вам и согласуем удобное время презентации по Skype."
У Вас есть инструкция к Vtiger CRM?,"Инструкция к Vtiger CRM представлена в документации с перечнем функциональности: http://salesplatform.ru/wiki/index.php/SalesPlatform_vtiger_crm_640. Скринкаст о Типовом процессе продаж в SalesPlatform Vtiger CRM: http://www.youtube.com/watch?v=qy-_EaM-K58, скринкаст по телефонии: http://www.youtube.com/watch?v=aGNdADMHUWk"
На какой версии Vtiger CRM Вы оказываете услуги?,"Наша компания ""SalesPlatform"" оказываем услуги для любой версии Vtiger CRM нашей сборки (SalesPlatform). При необходимости, можем помочь обновиться до нашей последней версии."
"Будут ли утеряны изменения, внесенные во время эксплуатации системы при миграции Vtiger CRM?","При внесении  изменений во время эксплуатации Vtiger CRM стандартными средствами (например, редактирование полей карточек и т.д.), данные изменения сохранятся при миграции Vtiger CRM. Если изменения вносились во время эксплуатации системы в программный код, тогда при миграции Vtiger CRM изменения не сохранятся. Возможно, в случае незначительных изменений, специалисты нашей компании ""SalesPlatform"" смогут выполнить слияние кода с нашей новой версией Vtiger CRM, но это можно будет сказать только после анализа Вашего кода."
Какова стоимость миграции Vtiger CRM?,Стоимость стандартной миграции Vtiger CRM составляет 5960 руб.
